S001;S002;S153;S175;S152
S002;S001;S016;S003
S003;S002;S004;S176;S005;S053
S004;S003;S005;S012;S053
S005;S004;S006;S053;S003
S006;S005;S007
S007;S006;S031;S008;S009
S008;S007;S031;S009
S009;S008;S034;S007
S010;S031;S011;S074
S011;S010;S012;S146
S012;S011;S004;S013
S013;S012;S014
S014;S013;S015;S149
S015;S014;S149;S148;S016
S016;S015;S148;S149;S002
S017;S020;S018
S018;S017;S019;S029
S019;S018;S020;S027;S024
S020;S019;S021;S017
S021;S020;S022;S076
S022;S021;S023;S074
S023;S022;S024
S024;S023;S019;S025
S025;S024;S026;S030
S026;S025;S027;S032
S027;S026;S028;S019
S028;S027;S029
S029;S028;S018
S030;S031;S025
S031;S030;S008;S010;S007
S032;S026;S033
S033;S034;S032;S036
S034;S035;S009;S033
S035;S036;S039;S038;S034
S036;S038;S033;S035
S037;S038
S038;S037;S036;S035
S039;S035;S040
S040;S039;S041;S052;S050
S041;S040;S042
S042;S041;S043
S043;S042;S044;S045
S044;S043;S048
S045;S043;S055;S046
S046;S045;S047;S048
S047;S046
S048;S046;S049;S044
S049;S048;S054;S068;S057;S058
S050;S040;S142;S051;S054
S051;S050;S052;S174;S143;S175;S176
S052;S051;S053;S040
S053;S052;S005;S004;S003
S054;S070;S049;S050
S055;S045;S056;S334
S056;S055;S057
S057;S056;S049;S058;S239
S058;S057;S065;S049;S199
S059;S065;S117;S063;S115
S060;S063;S126;S061;S066
S061;S060;S068;S062
S062;S061;S063;S064
S063;S062;S060;S059
S064;S062;S065
S065;S064;S059;S058
S066;S060;S067;S069
S067;S066;S068;S070
S068;S061;S049;S067
S069;S066;S070;S073;S127
S070;S069;S071;S054;S067
S071;S070;S072
S072;S071;S073;S142
S073;S069;S141;S072
S074;S010;S075;S022
S075;S076;S074
S076;S075;S021;S078
S077;S082;S079;S146
S078;S079;S076;S081
S079;S078;S077;S080
S080;S082;S203;S151;S079
S081;S078
S082;S080;S083;S077
S083;S082
S084;S085;S087
S085;S084
S086;S092;S087;S088
S087;S084;S086;S089
S088;S089;S086;S090;S193
S089;S087;S088
S090;S088;S195;S091;S111
S091;S090;S092;S110
S092;S093;S091;S097;S086
S093;S095;S094;S092
S094;S093
S095;S096;S097;S093
S096;S095
S097;S092;S098;S095
S098;S097;S196;S099
S099;S098;S103;S100;S101
S100;S099;S102
S101;S099;S104;S102
S102;S101;S100;S123
S103;S106;S099
S104;S106;S105;S101
S105;S106;S116;S104;S122
S106;S105;S107;S103;S104
S107;S115;S106;S108
S108;S114;S107;S109;S196
S109;S108;S110;S112;S113
S110;S109;S111;S091
S111;S110;S112;S090
S112;S111;S109
S113;S109;S135;S137;S184
S114;S131;S108;S133;S135
S115;S116;S059;S107;S131
S116;S117;S119;S105;S115
S117;S116;S059
S118;S119;S240
S119;S120;S116;S118;S125
S120;S124;S121;S122;S119
S121;S243;S123;S120;S235
S122;S105;S120;S123
S123;S102;S122;S121
S124;S120;S125;S237
S125;S119;S124;S240
S126;S128;S060;S132
S127;S069;S128
S128;S127;S129;S126
S129;S130;S128
S130;S129
S131;S132;S115;S114
S132;S131;S126;S133
S133;S114;S132
S134;S140;S136
S135;S114;S113
S136;S134;S137;S138
S137;S136;S113
S138;S136;S139;S144
S139;S138;S140;S141
S140;S139;S134
S141;S139;S073;S142;S144
S142;S141;S143;S072;S050
S143;S142;S051;S144
S144;S143;S141;S138;S187
S145;S197;S187;S172;S173
S146;S011;S077
S147;S147
S148;S149;S016;S015;S150
S149;S148;S014;S015;S016
S150;S148;S152;S151
S151;S150;S080
S152;S154;S001;S150
S153;S154;S001;S165;S155
S154;S152;S153
S155;S153;S156
S156;S155;S157;S159
S157;S158;S161;S156
S158;S157;S160;S179
S159;S156;S179;S177
S160;S161;S172;S158
S161;S160;S162;S157
S162;S167;S161;S163
S163;S164;S162;S165
S164;S163
S165;S163;S153;S166
S166;S165;S175;S167
S167;S166;S168;S174;S162
S168;S167;S173;S169
S169;S168;S170
S170;S169;S171
S171;S170;S172
S172;S171;S145;S160
S173;S145;S168
S174;S051;S167
S175;S176;S051;S001;S166
S176;S051;S003;S175
S177;S159;S178;S182
S178;S180;S177
S179;S158;S159
S180;S183;S181;S178
S181;S182;S184;S180
S182;S181;S177;S192
S183;S189;S185;S180;S198
S184;S181;S194;S113;S189
S185;S186;S183;S188
S186;S187;S185
S187;S144;S145;S186
S188;S185;S189
S189;S188;S184;S183
S190;S191;S193
S191;S192;S190
S192;S182;S191
S193;S190;S088;S194
S194;S193;S184;S195
S195;S194;S090
S196;S108;S098
S197;S198;S145
S198;S183;S197
S199;S200;S238;S058
S200;S199;S201;S203
S201;S200;S202
S202;S204;S203;S201;S334
S203;S200;S202;S080
S204;S202;S205
S205;S206;S204;S326
S206;S205;S207
S207;S206;S208;S209
S208;S207;S210
S209;S207;S219;S211
S210;S208;S211;S212
S211;S210;S209;S213;S217
S212;S210;S322;S214
S213;S214;S211;S216
S214;S213;S212;S215
S215;S214
S216;S213;S217;S285
S217;S218;S216;S211
S218;S217;S219;S328
S219;S218;S209;S221;S321
S220;S223;S221
S221;S222;S220;S219
S222;S327;S328;S221;S225
S223;S327;S224;S220
S224;S225;S226;S223;S334
S225;S224;S222;S329
S226;S227;S224
S227;S228;S226
S228;S229;S329;S227
S229;S228;S230
S230;S229;S231;S252
S231;S230;S251;S233
S232;S233;S234;S245
S233;S231;S232;S244
S234;S235;S232
S235;S121;S236;S234;S243
S236;S242;S235
S237;S124;S238
S238;S237;S199;S240
S239;S240;S057;S241
S240;S118;S238;S125;S239
S241;S239;S242
S242;S241;S236
S243;S235;S121
S244;S233;S245
S245;S244;S232;S246;S281
S246;S245;S247;S283;S262
S247;S246;S248;S254
S248;S247;S249
S249;S248;S250;S251
S250;S249;S251;S252;S253
S251;S250;S231;S249
S252;S230;S250;S253
S253;S250;S252;S254;S255
S254;S253;S247;S255
S255;S254;S253;S259;S256
S256;S255;S257;S296
S257;S256;S258
S258;S257
S259;S264;S260;S255
S260;S259;S261;S263
S261;S262;S260
S262;S246;S261
S263;S264;S260;S277
S264;S331;S259;S263
S265;S266;S331
S266;S269;S306;S265;S297
S267;S271;S268;S313
S268;S267;S332;S269
S269;S268;S266;S308
S270;S275;S271
S271;S272;S270;S267
S272;S271;S273;S331
S273;S274;S272
S274;S276;S275;S273
S275;S274;S281;S270
S276;S277;S278;S274
S277;S263;S276;S279;S282
S278;S279;S276
S279;S281;S280;S277;S278
S280;S279
S281;S279;S245;S275
S282;S277;S283
S283;S282;S284;S246
S284;S283
S285;S302;S286;S216
S286;S285;S287;S290
S287;S286;S288;S330
S288;S287;S290;S289
S289;S288
S290;S288;S286;S291;S328
S291;S292;S293;S290;S329
S292;S291
S293;S291;S295;S294
S294;S293;S298;S299;S330
S295;S293;S296
S296;S256;S295;S297
S297;S296;S299;S266;S298
S298;S297;S294
S299;S294;S297;S305;S300
S300;S299;S301
S301;S300;S302
S302;S301;S303;S285
S303;S302;S317;S304
S304;S303;S316
S305;S316;S307;S299;S306
S306;S305;S266
S307;S305;S308;S309
S308;S269;S307
S309;S307;S310;S311
S310;S309
S311;S309;S314;S312
S312;S311;S313
S313;S267;S312
S314;S311;S315;S318
S315;S314;S316
S316;S304;S305;S315
S317;S318;S303
S318;S314;S317;S319
S319;S321;S318;S324
S320;S321
S321;S219;S320;S319
S322;S323;S212
S323;S324;S322;S325
S324;S319;S323
S325;S323;S326
S326;S325;S205
S327;S222;S223
S328;S222;S218;S290;S329
S329;S225;S328;S291;S228
S330;S287;S294
S331;S264;S265;S272
S332;S268;S333
S333;S332
S334;S055;S224;S202
